Workbook

Sheet RadGridExport - 2026-09-18T0901
A1: Kimlik | B1: Ad | C1: Öğrenci | D1: Eğitim Programı | E1: Sınıf | F1: Şube
A2: No | B2: Soyad | C2: Eğitim Türü | D2: Dal Adı | E2: No | F2: Adı
A4: 51274185610 | B4: Umut KAYA | C4: Mesleki Eğitim + Diploma | D4: Asansör Sistemleri | E4: 9 | F4: D | G4: =RIGHT(A4,5) -> 85610 | H4: =B4 -> Umut KAYA | I4: =CONCATENATE(E4,F4," ",D4) -> 9D Asansör Sistemleri | J4: =LEFT(I4,3) -> 9D
A5: 17897587170 | B5: Ahmet Emin KAYA | C5: Mesleki Eğitim + Diploma | D5: Aşçılık | E5: 9 | F5: G1 | G5: =RIGHT(A5,5) -> 87170 | H5: =B5 -> Ahmet Emin KAYA | I5: =CONCATENATE(E5,F5," ",D5) -> 9G1 Aşçılık | J5: =LEFT(I5,3) -> 9G1
A6: 99762019092 | B6: Bahruz ALIZADA | C6: Mesleki Eğitim + Diploma | D6: Aşçılık | E6: 9 | F6: G1 | G6: =RIGHT(A6,5) -> 19092 | H6: =B6 -> Bahruz ALIZADA | I6: =CONCATENATE(E6,F6," ",D6) -> 9G1 Aşçılık | J6: =LEFT(I6,3) -> 9G1
A7: 63934052934 | B7: Elifnur ŞENGÜL | C7: Mesleki Eğitim + Diploma | D7: Aşçılık | E7: 9 | F7: G1 | G7: =RIGHT(A7,5) -> 52934 | H7: =B7 -> Elifnur ŞENGÜL | I7: =CONCATENATE(E7,F7," ",D7) -> 9G1 Aşçılık | J7: =LEFT(I7,3) -> 9G1
A8: 48226575728 | B8: Gül Deniz BİLECEN | C8: Mesleki Eğitim + Diploma | D8: Aşçılık | E8: 9 | F8: G1 | G8: =RIGHT(A8,5) -> 75728 | H8: =B8 -> Gül Deniz BİLECEN | I8: =CONCATENATE(E8,F8," ",D8) -> 9G1 Aşçılık | J8: =LEFT(I8,3) -> 9G1
A9: 26270044094 | B9: Levent Eymen BAŞKÖYLÜ | C9: Mesleki Eğitim + Diploma | D9: Aşçılık | E9: 9 | F9: G1 | G9: =RIGHT(A9,5) -> 44094 | H9: =B9 -> Levent Eymen BAŞKÖYLÜ | I9: =CONCATENATE(E9,F9," ",D9) -> 9G1 Aşçılık | J9: =LEFT(I9,3) -> 9G1
A10: 55060660558 | B10: Merve RENÇBER | C10: Mesleki Eğitim + Diploma | D10: Aşçılık | E10: 9 | F10: G1 | G10: =RIGHT(A10,5) -> 60558 | H10: =B10 -> Merve RENÇBER | I10: =CONCATENATE(E10,F10," ",D10) -> 9G1 Aşçılık | J10: =LEFT(I10,3) -> 9G1
A11: 19979517570 | B11: Nisanur SUSUR | C11: Mesleki Eğitim + Diploma | D11: Aşçılık | E11: 9 | F11: G1 | G11: =RIGHT(A11,5) -> 17570 | H11: =B11 -> Nisanur SUSUR | I11: =CONCATENATE(E11,F11," ",D11) -> 9G1 Aşçılık | J11: =LEFT(I11,3) -> 9G1
A12: 49336599468 | B12: Ömer ÖZBEK | C12: Mesleki Eğitim + Diploma | D12: Aşçılık | E12: 9 | F12: G1 | G12: =RIGHT(A12,5) -> 99468 | H12: =B12 -> Ömer ÖZBEK | I12: =CONCATENATE(E12,F12," ",D12) -> 9G1 Aşçılık | J12: =LEFT(I12,3) -> 9G1
A13: 16925619616 | B13: Selman Musab YEŞİL | C13: Mesleki Eğitim + Diploma | D13: Aşçılık | E13: 9 | F13: G1 | G13: =RIGHT(A13,5) -> 19616 | H13: =B13 -> Selman Musab YEŞİL | I13: =CONCATENATE(E13,F13," ",D13) -> 9G1 Aşçılık | J13: =LEFT(I13,3) -> 9G1
A14: 34022049600 | B14: Enes BİLİBEY | C14: Mesleki Eğitim + Diploma | D14: Bilgisayar Teknik Servisi | E14: 9 | F14: A2 | G14: =RIGHT(A14,5) -> 49600 | H14: =B14 -> Enes BİLİBEY | I14: =CONCATENATE(E14,F14," ",D14) -> 9A2 Bilgisayar Teknik Servisi | J14: =LEFT(I14,3) -> 9A2
A15: 54121379552 | B15: Yiğit Efe SEVİM | C15: Mesleki Eğitim + Diploma | D15: Bilgisayar Teknik Servisi | E15: 9 | F15: A2 | G15: =RIGHT(A15,5) -> 79552 | H15: =B15 -> Yiğit Efe SEVİM | I15: =CONCATENATE(E15,F15," ",D15) -> 9A2 Bilgisayar Teknik Servisi | J15: =LEFT(I15,3) -> 9A2
... A34: 12203095394 | B34: Erdem DEMİRBÜKEN | C34: Mesleki Eğitim + Diploma | D34: Bobinaj | E34: 9 | F34: D | G34: =RIGHT(A34,5) -> 95394 | H34: =B34 -> Erdem DEMİRBÜKEN | I34: =CONCATENATE(E34,F34," ",D34) -> 9D Bobinaj | J34: =LEFT(I34,3) -> 9D
A35: 40589016238 | B35: Aleyna TERZİ | C35: Mesleki Eğitim + Diploma | D35: Cilt Bakımı Ve Makyaj | E35: 9 | G35: =RIGHT(A35,5) -> 16238 | H35: =B35 -> Aleyna TERZİ | I35: =CONCATENATE(E35,F35," ",D35) -> 9 Cilt Bakımı Ve Makyaj | J35: =LEFT(I35,3) -> 9 C
A36: 51217625784 | B36: Esma DEMİR | C36: Mesleki Eğitim + Diploma | D36: Cilt Bakımı Ve Makyaj | E36: 9 | F36: G | G36: =RIGHT(A36,5) -> 25784 | H36: =B36 -> Esma DEMİR | I36: =CONCATENATE(E36,F36," ",D36) -> 9G Cilt Bakımı Ve Makyaj | J36: =LEFT(I36,3) -> 9G
A37: 36112979828 | B37: Yiğithan KARAASLAN | C37: Mesleki Eğitim + Diploma | D37: Dizel Motorları Yakıt Pompası Ve Enjektör Ayarcılığı | E37: 9 | F37: B | G37: =RIGHT(A37,5) -> 79828 | H37: =B37 -> Yiğithan KARAASLAN | I37: =CONCATENATE(E37,F37," ",D37) -> 9B Dizel Motorları Yakıt Pompası Ve Enjektör Ayarcılığı | J37: =LEFT(I37,3) -> 9B
A38: 30305173642 | B38: Ayaz BULUT | C38: Mesleki Eğitim + Diploma | D38: Elektrik Tesisatları Ve Pano Montörlüğü | E38: 9 | F38: D | G38: =RIGHT(A38,5) -> 73642 | H38: =B38 -> Ayaz BULUT | I38: =CONCATENATE(E38,F38," ",D38) -> 9D Elektrik Tesisatları Ve Pano Montörlüğü | J38: =LEFT(I38,3) -> 9D
A39: 60790157308 | B39: Bedirhan Eren BÜLBÜL | C39: Mesleki Eğitim + Diploma | D39: Elektrik Tesisatları Ve Pano Montörlüğü | E39: 9 | F39: D | G39: =RIGHT(A39,5) -> 57308 | H39: =B39 -> Bedirhan Eren BÜLBÜL | I39: =CONCATENATE(E39,F39," ",D39) -> 9D Elektrik Tesisatları Ve Pano Montörlüğü | J39: =LEFT(I39,3) -> 9D
A40: 19442536138 | B40: Berat Can PEKMEZCİ | C40: Mesleki Eğitim + Diploma | D40: Elektrik Tesisatları Ve Pano Montörlüğü | E40: 9 | F40: D | G40: =RIGHT(A40,5) -> 36138 | H40: =B40 -> Berat Can PEKMEZCİ | I40: =CONCATENATE(E40,F40," ",D40) -> 9D Elektrik Tesisatları Ve Pano Montörlüğü | J40: =LEFT(I40,3) -> 9D
A41: 53365537186 | B41: Doğukan KEMİKSİZ | C41: Mesleki Eğitim + Diploma | D41: Elektrik Tesisatları Ve Pano Montörlüğü | E41: 9 | F41: D | G41: =RIGHT(A41,5) -> 37186 | H41: =B41 -> Doğukan KEMİKSİZ | I41: =CONCATENATE(E41,F41," ",D41) -> 9D Elektrik Tesisatları Ve Pano Montörlüğü | J41: =LEFT(I41,3) -> 9D
A42: 40657828190 | B42: Efe Can KAYA | C42: Mesleki Eğitim + Diploma | D42: Elektrik Tesisatları Ve Pano Montörlüğü | E42: 9 | F42: D | G42: =RIGHT(A42,5) -> 28190 | H42: =B42 -> Efe Can KAYA | I42: =CONCATENATE(E42,F42," ",D42) -> 9D Elektrik Tesisatları Ve Pano Montörlüğü | J42: =LEFT(I42,3) -> 9D
A43: 43954719192 | B43: Efe ÖZDİNÇ | C43: Mesleki Eğitim + Diploma | D43: Elektrik Tesisatları Ve Pano Montörlüğü | E43: 9 | F43: D | G43: =RIGHT(A43,5) -> 19192 | H43: =B43 -> Efe ÖZDİNÇ | I43: =CONCATENATE(E43,F43," ",D43) -> 9D Elektrik Tesisatları Ve Pano Montörlüğü | J43: =LEFT(I43,3) -> 9D
A44: 61492133706 | B44: Enes TEKE | C44: Mesleki Eğitim + Diploma | D44: Elektrik Tesisatları Ve Pano Montörlüğü | E44: 9 | F44: D | G44: =RIGHT(A44,5) -> 33706 | H44: =B44 -> Enes TEKE | I44: =CONCATENATE(E44,F44," ",D44) -> 9D Elektrik Tesisatları Ve Pano Montörlüğü | J44: =LEFT(I44,3) -> 9D
A45: 49885521170 | B45: İsmail EREN | C45: Mesleki Eğitim + Diploma | D45: Elektrik Tesisatları Ve Pano Montörlüğü | E45: 9 | F45: D | G45: =RIGHT(A45,5) -> 21170 | H45: =B45 -> İsmail EREN | I45: =CONCATENATE(E45,F45," ",D45) -> 9D Elektrik Tesisatları Ve Pano Montörlüğü | J45: =LEFT(I45,3) -> 9D
A46: 40990879118 | B46: Melik Özkan FİDAN | C46: Mesleki Eğitim + Diploma | D46: Elektrik Tesisatları Ve Pano Montörlüğü | E46: 9 | F46: D | G46: =RIGHT(A46,5) -> 79118 | H46: =B46 -> Melik Özkan FİDAN | I46: =CONCATENATE(E46,F46," ",D46) -> 9D Elektrik Tesisatları Ve Pano Montörlüğü | J46: =LEFT(I46,3) -> 9D
A47: 18512566778 | B47: Mert Doruk DEMİR | C47: Mesleki Eğitim + Diploma | D47: Elektrik Tesisatları Ve Pano Montörlüğü | E47: 9 | F47: D | G47: =RIGHT(A47,5) -> 66778 | H47: =B47 -> Mert Doruk DEMİR | I47: =CONCATENATE(E47,F47," ",D47) -> 9D Elektrik Tesisatları Ve Pano Montörlüğü | J47: =LEFT(I47,3) -> 9D
... A53: 28778224886 | B53: Tutku YILMAZLAR | C53: Mesleki Eğitim + Diploma | D53: Elektrik Tesisatları Ve Pano Montörlüğü | E53: 9 | F53: D | G53: =RIGHT(A53,5) -> 24886 | H53: =B53 -> Tutku YILMAZLAR | I53: =CONCATENATE(E53,F53," ",D53) -> 9D Elektrik Tesisatları Ve Pano Montörlüğü | J53: =LEFT(I53,3) -> 9D
A54: 60247175282 | B54: Yiğit Efe DİNLER | C54: Mesleki Eğitim + Diploma | D54: Elektrik Tesisatları Ve Pano Montörlüğü | E54: 9 | G54: =RIGHT(A54,5) -> 75282 | H54: =B54 -> Yiğit Efe DİNLER | I54: =CONCATENATE(E54,F54," ",D54) -> 9 Elektrik Tesisatları Ve Pano Montörlüğü | J54: =LEFT(I54,3) -> 9 E
A55: 36664961944 | B55: Yusuf Eren GÜRCÜ | C55: Mesleki Eğitim + Diploma | D55: Elektrik Tesisatları Ve Pano Montörlüğü | E55: 9 | F55: D | G55: =RIGHT(A55,5) -> 61944 | H55: =B55 -> Yusuf Eren GÜRCÜ | I55: =CONCATENATE(E55,F55," ",D55) -> 9D Elektrik Tesisatları Ve Pano Montörlüğü | J55: =LEFT(I55,3) -> 9D
A56: 15158678742 | B56: Arda UZUN | C56: Mesleki Eğitim + Diploma | D56: Elektrikli Ev Aletleri Teknik Servisi | E56: 9 | F56: D | G56: =RIGHT(A56,5) -> 78742 | H56: =B56 -> Arda UZUN | I56: =CONCATENATE(E56,F56," ",D56) -> 9D Elektrikli Ev Aletleri Teknik Servisi | J56: =LEFT(I56,3) -> 9D
A57: 37609655584 | B57: Hasan Erdoğan DEMİR | C57: Mesleki Eğitim + Diploma | D57: Elektrikli Ev Aletleri Teknik Servisi | E57: 9 | F57: D | G57: =RIGHT(A57,5) -> 55584 | H57: =B57 -> Hasan Erdoğan DEMİR | I57: =CONCATENATE(E57,F57," ",D57) -> 9D Elektrikli Ev Aletleri Teknik Servisi | J57: =LEFT(I57,3) -> 9D
A58: 37487304130 | B58: Recep Emin GÜNEY | C58: Mesleki Eğitim + Diploma | D58: Elektrikli Ev Aletleri Teknik Servisi | E58: 9 | F58: D | G58: =RIGHT(A58,5) -> 04130 | H58: =B58 -> Recep Emin GÜNEY | I58: =CONCATENATE(E58,F58," ",D58) -> 9D Elektrikli Ev Aletleri Teknik Servisi | J58: =LEFT(I58,3) -> 9D
A59: 49957518008 | B59: Berat Muhammet ÖZCİRİT | C59: Mesleki Eğitim + Diploma | D59: Endüstriyel Bakım Onarım | E59: 9 | F59: D | G59: =RIGHT(A59,5) -> 18008 | H59: =B59 -> Berat Muhammet ÖZCİRİT | I59: =CONCATENATE(E59,F59," ",D59) -> 9D Endüstriyel Bakım Onarım | J59: =LEFT(I59,3) -> 9D
A60: 39139879188 | B60: Kayra Ege ÇOBANOĞLU | C60: Mesleki Eğitim + Diploma | D60: Endüstriyel Bakım Onarım | E60: 9 | F60: D | G60: =RIGHT(A60,5) -> 79188 | H60: =B60 -> Kayra Ege ÇOBANOĞLU | I60: =CONCATENATE(E60,F60," ",D60) -> 9D Endüstriyel Bakım Onarım | J60: =LEFT(I60,3) -> 9D
A61: 36431339372 | B61: Emircan FIRAT | C61: Mesleki Eğitim + Diploma | D61: Endüstriyel Kontrol | E61: 9 | F61: A3(KARMA) | G61: =RIGHT(A61,5) -> 39372 | H61: =B61 -> Emircan FIRAT | I61: =CONCATENATE(E61,F61," ",D61) -> 9A3(KARMA) Endüstriyel Kontrol | J61: =LEFT(I61,3) -> 9A3
A62: 48043582510 | B62: Ömer KARATEPE | C62: Mesleki Eğitim + Diploma | D62: Endüstriyel Kontrol | E62: 9 | F62: A3(KARMA) | G62: =RIGHT(A62,5) -> 82510 | H62: =B62 -> Ömer KARATEPE | I62: =CONCATENATE(E62,F62," ",D62) -> 9A3(KARMA) Endüstriyel Kontrol | J62: =LEFT(I62,3) -> 9A3
A63: 52051449178 | B63: Yunus Emre BETİ | C63: Mesleki Eğitim + Diploma | D63: Endüstriyel Kontrol | E63: 9 | F63: A3(KARMA) | G63: =RIGHT(A63,5) -> 49178 | H63: =B63 -> Yunus Emre BETİ | I63: =CONCATENATE(E63,F63," ",D63) -> 9A3(KARMA) Endüstriyel Kontrol | J63: =LEFT(I63,3) -> 9A3
A64: 46909620680 | B64: Abdulkadir ELİK | C64: Mesleki Eğitim + Diploma | D64: Erkek Kuaförlüğü | E64: 9 | F64: E | G64: =RIGHT(A64,5) -> 20680 | H64: =B64 -> Abdulkadir ELİK | I64: =CONCATENATE(E64,F64," ",D64) -> 9E Erkek Kuaförlüğü | J64: =LEFT(I64,3) -> 9E
A65: 44143712444 | B65: Ahmet Hakan DUMAN | C65: Mesleki Eğitim + Diploma | D65: Erkek Kuaförlüğü | E65: 9 | F65: A | G65: =RIGHT(A65,5) -> 12444 | H65: =B65 -> Ahmet Hakan DUMAN | I65: =CONCATENATE(E65,F65," ",D65) -> 9A Erkek Kuaförlüğü | J65: =LEFT(I65,3) -> 9A
A66: 26977809828 | B66: Ali YARAR | C66: Mesleki Eğitim + Diploma | D66: Erkek Kuaförlüğü | E66: 9 | F66: G | G66: =RIGHT(A66,5) -> 09828 | H66: =B66 -> Ali YARAR | I66: =CONCATENATE(E66,F66," ",D66) -> 9G Erkek Kuaförlüğü | J66: =LEFT(I66,3) -> 9G
... A146: 57151279366 | B146: Medine TANÇ | C146: Mesleki Eğitim + Diploma | D146: Kadın Kuaförlüğü | E146: 9 | F146: G | G146: =RIGHT(A146,5) -> 79366 | H146: =B146 -> Medine TANÇ | I146: =CONCATENATE(E146,F146," ",D146) -> 9G Kadın Kuaförlüğü | J146: =LEFT(I146,3) -> 9G
A147: 37130005964 | B147: Medine YILDIRIM | C147: Mesleki Eğitim + Diploma | D147: Kadın Kuaförlüğü | E147: 9 | G147: =RIGHT(A147,5) -> 05964 | H147: =B147 -> Medine YILDIRIM | I147: =CONCATENATE(E147,F147," ",D147) -> 9 Kadın Kuaförlüğü | J147: =LEFT(I147,3) -> 9 K
A148: 14237709766 | B148: Miray KAHRAMAN | C148: Mesleki Eğitim + Diploma | D148: Kadın Kuaförlüğü | E148: 9 | F148: A | G148: =RIGHT(A148,5) -> 09766 | H148: =B148 -> Miray KAHRAMAN | I148: =CONCATENATE(E148,F148," ",D148) -> 9A Kadın Kuaförlüğü | J148: =LEFT(I148,3) -> 9A
A149: 15560665194 | B149: Muhammed Kerim YAMAN | C149: Mesleki Eğitim + Diploma | D149: Kadın Kuaförlüğü | E149: 9 | F149: G | G149: =RIGHT(A149,5) -> 65194 | H149: =B149 -> Muhammed Kerim YAMAN | I149: =CONCATENATE(E149,F149," ",D149) -> 9G Kadın Kuaförlüğü | J149: =LEFT(I149,3) -> 9G
A150: 39265875566 | B150: Nisa Nur BAYRAKTAR | C150: Mesleki Eğitim + Diploma | D150: Kadın Kuaförlüğü | E150: 9 | F150: A | G150: =RIGHT(A150,5) -> 75566 | H150: =B150 -> Nisa Nur BAYRAKTAR | I150: =CONCATENATE(E150,F150," ",D150) -> 9A Kadın Kuaförlüğü | J150: =LEFT(I150,3) -> 9A
A151: 25754695968 | B151: Nisa Nur GÖKKAYA | C151: Mesleki Eğitim + Diploma | D151: Kadın Kuaförlüğü | E151: 9 | F151: A | G151: =RIGHT(A151,5) -> 95968 | H151: =B151 -> Nisa Nur GÖKKAYA | I151: =CONCATENATE(E151,F151," ",D151) -> 9A Kadın Kuaförlüğü | J151: =LEFT(I151,3) -> 9A
A152: 35923986162 | B152: Nisa TAŞTEKİN | C152: Mesleki Eğitim + Diploma | D152: Kadın Kuaförlüğü | E152: 9 | F152: G | G152: =RIGHT(A152,5) -> 86162 | H152: =B152 -> Nisa TAŞTEKİN | I152: =CONCATENATE(E152,F152," ",D152) -> 9G Kadın Kuaförlüğü | J152: =LEFT(I152,3) -> 9G
A153: 51109480514 | B153: Serap ÖZ | C153: Mesleki Eğitim + Diploma | D153: Kadın Kuaförlüğü | E153: 9 | F153: G | G153: =RIGHT(A153,5) -> 80514 | H153: =B153 -> Serap ÖZ | I153: =CONCATENATE(E153,F153," ",D153) -> 9G Kadın Kuaförlüğü | J153: =LEFT(I153,3) -> 9G
A154: 50533870618 | B154: Sıla Naz AKYİĞİT | C154: Mesleki Eğitim + Diploma | D154: Kadın Kuaförlüğü | E154: 9 | F154: G | G154: =RIGHT(A154,5) -> 70618 | H154: =B154 -> Sıla Naz AKYİĞİT | I154: =CONCATENATE(E154,F154," ",D154) -> 9G Kadın Kuaförlüğü | J154: =LEFT(I154,3) -> 9G
A155: 35626719234 | B155: Tuana ARAT | C155: Mesleki Eğitim + Diploma | D155: Kadın Kuaförlüğü | E155: 9 | F155: A | G155: =RIGHT(A155,5) -> 19234 | H155: =B155 -> Tuana ARAT | I155: =CONCATENATE(E155,F155," ",D155) -> 9A Kadın Kuaförlüğü | J155: =LEFT(I155,3) -> 9A
A156: 25826323102 | B156: Utku ESEN | C156: Mesleki Eğitim + Diploma | D156: Kadın Kuaförlüğü | E156: 9 | F156: A | G156: =RIGHT(A156,5) -> 23102 | H156: =B156 -> Utku ESEN | I156: =CONCATENATE(E156,F156," ",D156) -> 9A Kadın Kuaförlüğü | J156: =LEFT(I156,3) -> 9A
A157: 63547223912 | B157: Ümran KARTAL | C157: Mesleki Eğitim + Diploma | D157: Kadın Kuaförlüğü | E157: 9 | F157: G | G157: =RIGHT(A157,5) -> 23912 | H157: =B157 -> Ümran KARTAL | I157: =CONCATENATE(E157,F157," ",D157) -> 9G Kadın Kuaförlüğü | J157: =LEFT(I157,3) -> 9G
A158: 58186614290 | B158: Zeynep DEMİR | C158: Mesleki Eğitim + Diploma | D158: Kadın Kuaförlüğü | E158: 9 | F158: G | G158: =RIGHT(A158,5) -> 14290 | H158: =B158 -> Zeynep DEMİR | I158: =CONCATENATE(E158,F158," ",D158) -> 9G Kadın Kuaförlüğü | J158: =LEFT(I158,3) -> 9G
A159: 57286274618 | B159: Zeynep DÜLGAR | C159: Mesleki Eğitim + Diploma | D159: Kadın Kuaförlüğü | E159: 9 | F159: A | G159: =RIGHT(A159,5) -> 74618 | H159: =B159 -> Zeynep DÜLGAR | I159: =CONCATENATE(E159,F159," ",D159) -> 9A Kadın Kuaförlüğü | J159: =LEFT(I159,3) -> 9A
... A218: 21548425674 | B218: Hasan GÜNEL | C218: Mesleki Eğitim + Diploma | D218: Otomotiv Elektromekanik | E218: 9 | F218: F | G218: =RIGHT(A218,5) -> 25674 | H218: =B218 -> Hasan GÜNEL | I218: =CONCATENATE(E218,F218," ",D218) -> 9F Otomotiv Elektromekanik | J218: =LEFT(I218,3) -> 9F
A219: 47665378488 | B219: İbrahim AKTÜRK | C219: Mesleki Eğitim + Diploma | D219: Otomotiv Elektromekanik | E219: 9 | G219: =RIGHT(A219,5) -> 78488 | H219: =B219 -> İbrahim AKTÜRK | I219: =CONCATENATE(E219,F219," ",D219) -> 9 Otomotiv Elektromekanik | J219: =LEFT(I219,3) -> 9 O
A220: 67846072998 | B220: İbrahim TÜRKDOĞAN | C220: Mesleki Eğitim + Diploma | D220: Otomotiv Elektromekanik | E220: 9 | F220: F | G220: =RIGHT(A220,5) -> 72998 | H220: =B220 -> İbrahim TÜRKDOĞAN | I220: =CONCATENATE(E220,F220," ",D220) -> 9F Otomotiv Elektromekanik | J220: =LEFT(I220,3) -> 9F
A221: 16544632102 | B221: Kamil Can ŞEN | C221: Mesleki Eğitim + Diploma | D221: Otomotiv Elektromekanik | E221: 9 | F221: C | G221: =RIGHT(A221,5) -> 32102 | H221: =B221 -> Kamil Can ŞEN | I221: =CONCATENATE(E221,F221," ",D221) -> 9C Otomotiv Elektromekanik | J221: =LEFT(I221,3) -> 9C
A222: 30454111458 | B222: Mehmet ASLAN | C222: Mesleki Eğitim + Diploma | D222: Otomotiv Elektromekanik | E222: 9 | F222: C | G222: =RIGHT(A222,5) -> 11458 | H222: =B222 -> Mehmet ASLAN | I222: =CONCATENATE(E222,F222," ",D222) -> 9C Otomotiv Elektromekanik | J222: =LEFT(I222,3) -> 9C
A223: 34228948516 | B223: Mehmet Sami ÇAĞLAR | C223: Mesleki Eğitim + Diploma | D223: Otomotiv Elektromekanik | E223: 9 | F223: B | G223: =RIGHT(A223,5) -> 48516 | H223: =B223 -> Mehmet Sami ÇAĞLAR | I223: =CONCATENATE(E223,F223," ",D223) -> 9B Otomotiv Elektromekanik | J223: =LEFT(I223,3) -> 9B
A224: 15749383482 | B224: Mehmet SÖYLEMEZ | C224: Mesleki Eğitim + Diploma | D224: Otomotiv Elektromekanik | E224: 9 | F224: C | G224: =RIGHT(A224,5) -> 83482 | H224: =B224 -> Mehmet SÖYLEMEZ | I224: =CONCATENATE(E224,F224," ",D224) -> 9C Otomotiv Elektromekanik | J224: =LEFT(I224,3) -> 9C
A225: 55069348730 | B225: Mert DİKMEN | C225: Mesleki Eğitim + Diploma | D225: Otomotiv Elektromekanik | E225: 9 | F225: B | G225: =RIGHT(A225,5) -> 48730 | H225: =B225 -> Mert DİKMEN | I225: =CONCATENATE(E225,F225," ",D225) -> 9B Otomotiv Elektromekanik | J225: =LEFT(I225,3) -> 9B
A226: 21152478684 | B226: Metin ŞAHİN | C226: Mesleki Eğitim + Diploma | D226: Otomotiv Elektromekanik | E226: 9 | F226: B | G226: =RIGHT(A226,5) -> 78684 | H226: =B226 -> Metin ŞAHİN | I226: =CONCATENATE(E226,F226," ",D226) -> 9B Otomotiv Elektromekanik | J226: =LEFT(I226,3) -> 9B
A227: 61906119722 | B227: Muhammed AKPINAR | C227: Mesleki Eğitim + Diploma | D227: Otomotiv Elektromekanik | E227: 9 | F227: B | G227: =RIGHT(A227,5) -> 19722 | H227: =B227 -> Muhammed AKPINAR | I227: =CONCATENATE(E227,F227," ",D227) -> 9B Otomotiv Elektromekanik | J227: =LEFT(I227,3) -> 9B
A228: 40465835106 | B228: Muhammed Ali ÖZGÜVEN | C228: Mesleki Eğitim + Diploma | D228: Otomotiv Elektromekanik | E228: 9 | F228: B | G228: =RIGHT(A228,5) -> 35106 | H228: =B228 -> Muhammed Ali ÖZGÜVEN | I228: =CONCATENATE(E228,F228," ",D228) -> 9B Otomotiv Elektromekanik | J228: =LEFT(I228,3) -> 9B
A229: 33904834228 | B229: Muhammed AYDIN | C229: Mesleki Eğitim + Diploma | D229: Otomotiv Elektromekanik | E229: 9 | F229: C | G229: =RIGHT(A229,5) -> 34228 | H229: =B229 -> Muhammed AYDIN | I229: =CONCATENATE(E229,F229," ",D229) -> 9C Otomotiv Elektromekanik | J229: =LEFT(I229,3) -> 9C
A230: 66325226204 | B230: Muhammed Üveys EŞUT | C230: Mesleki Eğitim + Diploma | D230: Otomotiv Elektromekanik | E230: 9 | F230: B | G230: =RIGHT(A230,5) -> 26204 | H230: =B230 -> Muhammed Üveys EŞUT | I230: =CONCATENATE(E230,F230," ",D230) -> 9B Otomotiv Elektromekanik | J230: =LEFT(I230,3) -> 9B
A231: 25229342762 | B231: Muhammet Ali TUNÇ | C231: Mesleki Eğitim + Diploma | D231: Otomotiv Elektromekanik | E231: 9 | F231: F | G231: =RIGHT(A231,5) -> 42762 | H231: =B231 -> Muhammet Ali TUNÇ | I231: =CONCATENATE(E231,F231," ",D231) -> 9F Otomotiv Elektromekanik | J231: =LEFT(I231,3) -> 9F
... A278: 19364321324 | B278: Mustafa Berk GENÇOĞLU | C278: Mesleki Eğitim + Diploma | D278: Otomotiv Mekanikerliği | E278: 9 | F278: F | G278: =RIGHT(A278,5) -> 21324 | H278: =B278 -> Mustafa Berk GENÇOĞLU | I278: =CONCATENATE(E278,F278," ",D278) -> 9F Otomotiv Mekanikerliği | J278: =LEFT(I278,3) -> 9F
A279: 13406796972 | B279: Özgür ÖZKARAMAN | C279: Mesleki Eğitim + Diploma | D279: Otomotiv Mekanikerliği | E279: 9 | G279: =RIGHT(A279,5) -> 96972 | H279: =B279 -> Özgür ÖZKARAMAN | I279: =CONCATENATE(E279,F279," ",D279) -> 9 Otomotiv Mekanikerliği | J279: =LEFT(I279,3) -> 9 O
A280: 16457634804 | B280: Semih GÖBEKLİ | C280: Mesleki Eğitim + Diploma | D280: Otomotiv Mekanikerliği | E280: 9 | F280: B | G280: =RIGHT(A280,5) -> 34804 | H280: =B280 -> Semih GÖBEKLİ | I280: =CONCATENATE(E280,F280," ",D280) -> 9B Otomotiv Mekanikerliği | J280: =LEFT(I280,3) -> 9B
A281: 16325183458 | B281: Taha TOZUN | C281: Mesleki Eğitim + Diploma | D281: Otomotiv Mekanikerliği | E281: 9 | F281: B | G281: =RIGHT(A281,5) -> 83458 | H281: =B281 -> Taha TOZUN | I281: =CONCATENATE(E281,F281," ",D281) -> 9B Otomotiv Mekanikerliği | J281: =LEFT(I281,3) -> 9B
A282: 36023117654 | B282: Yakup KAÇAR | C282: Mesleki Eğitim + Diploma | D282: Otomotiv Mekanikerliği | E282: 9 | F282: C | G282: =RIGHT(A282,5) -> 17654 | H282: =B282 -> Yakup KAÇAR | I282: =CONCATENATE(E282,F282," ",D282) -> 9C Otomotiv Mekanikerliği | J282: =LEFT(I282,3) -> 9C
A283: 56323306626 | B283: Yakup ÖZCAN | C283: Mesleki Eğitim + Diploma | D283: Otomotiv Mekanikerliği | E283: 9 | F283: B | G283: =RIGHT(A283,5) -> 06626 | H283: =B283 -> Yakup ÖZCAN | I283: =CONCATENATE(E283,F283," ",D283) -> 9B Otomotiv Mekanikerliği | J283: =LEFT(I283,3) -> 9B
A284: 25856321888 | B284: Yiğitcan CİVİRCİ | C284: Mesleki Eğitim + Diploma | D284: Otomotiv Mekanikerliği | E284: 9 | F284: F | G284: =RIGHT(A284,5) -> 21888 | H284: =B284 -> Yiğitcan CİVİRCİ | I284: =CONCATENATE(E284,F284," ",D284) -> 9F Otomotiv Mekanikerliği | J284: =LEFT(I284,3) -> 9F
A285: 15998707916 | B285: Yusuf KABAY | C285: Mesleki Eğitim + Diploma | D285: Otomotiv Mekanikerliği | E285: 9 | F285: B | G285: =RIGHT(A285,5) -> 07916 | H285: =B285 -> Yusuf KABAY | I285: =CONCATENATE(E285,F285," ",D285) -> 9B Otomotiv Mekanikerliği | J285: =LEFT(I285,3) -> 9B
A286: 46444635972 | B286: Yusuf ÖZSARI | C286: Mesleki Eğitim + Diploma | D286: Otomotiv Mekanikerliği | E286: 9 | F286: C | G286: =RIGHT(A286,5) -> 35972 | H286: =B286 -> Yusuf ÖZSARI | I286: =CONCATENATE(E286,F286," ",D286) -> 9C Otomotiv Mekanikerliği | J286: =LEFT(I286,3) -> 9C
A287: 69535237572 | B287: Yusuf Sami TORUN | C287: Mesleki Eğitim + Diploma | D287: Otomotiv Mekanikerliği | E287: 9 | F287: C | G287: =RIGHT(A287,5) -> 37572 | H287: =B287 -> Yusuf Sami TORUN | I287: =CONCATENATE(E287,F287," ",D287) -> 9C Otomotiv Mekanikerliği | J287: =LEFT(I287,3) -> 9C
A288: 15113308462 | B288: Enes Malik TOPCU | C288: Mesleki Eğitim + Diploma | D288: Otomotiv Motor Yenileştirmeciliği | E288: 9 | F288: C | G288: =RIGHT(A288,5) -> 08462 | H288: =B288 -> Enes Malik TOPCU | I288: =CONCATENATE(E288,F288," ",D288) -> 9C Otomotiv Motor Yenileştirmeciliği | J288: =LEFT(I288,3) -> 9C
A289: 75334041456 | B289: Muhammed ALAKAZ | C289: Mesleki Eğitim + Diploma | D289: Otomotiv Motor Yenileştirmeciliği | E289: 9 | F289: C | G289: =RIGHT(A289,5) -> 41456 | H289: =B289 -> Muhammed ALAKAZ | I289: =CONCATENATE(E289,F289," ",D289) -> 9C Otomotiv Motor Yenileştirmeciliği | J289: =LEFT(I289,3) -> 9C
A290: 61153145512 | B290: Emirhan ÇOLAKER | C290: Mesleki Eğitim + Diploma | D290: Ön Düzen Ayarcılığı Ve Lastikçilik | E290: 9 | F290: F | G290: =RIGHT(A290,5) -> 45512 | H290: =B290 -> Emirhan ÇOLAKER | I290: =CONCATENATE(E290,F290," ",D290) -> 9F Ön Düzen Ayarcılığı Ve Lastikçilik | J290: =LEFT(I290,3) -> 9F
A291: 61219301418 | B291: Emrah DAĞBAŞI | C291: Mesleki Eğitim + Diploma | D291: Ön Düzen Ayarcılığı Ve Lastikçilik | E291: 9 | F291: F | G291: =RIGHT(A291,5) -> 01418 | H291: =B291 -> Emrah DAĞBAŞI | I291: =CONCATENATE(E291,F291," ",D291) -> 9F Ön Düzen Ayarcılığı Ve Lastikçilik | J291: =LEFT(I291,3) -> 9F
... A363: 19886521066 | B363: Doğa DURAK | C363: Mesleki Eğitim + Diploma | D363: Cilt Bakımı Ve Makyaj | E363: 10 | F363: B | G363: =RIGHT(A363,5) -> 21066 | H363: =B363 -> Doğa DURAK | I363: =CONCATENATE(E363,F363," ",D363) -> 10B Cilt Bakımı Ve Makyaj | J363: =LEFT(I363,3) -> 10B
A364: 61630103752 | B364: Ela MALKOÇ | C364: Mesleki Eğitim + Diploma | D364: Cilt Bakımı Ve Makyaj | E364: 10 | G364: =RIGHT(A364,5) -> 03752 | H364: =B364 -> Ela MALKOÇ | I364: =CONCATENATE(E364,F364," ",D364) -> 10 Cilt Bakımı Ve Makyaj | J364: =LEFT(I364,3) -> 10
A365: 29978184086 | B365: Elif Minel BERÇİN | C365: Mesleki Eğitim + Diploma | D365: Cilt Bakımı Ve Makyaj | E365: 10 | F365: B | G365: =RIGHT(A365,5) -> 84086 | H365: =B365 -> Elif Minel BERÇİN | I365: =CONCATENATE(E365,F365," ",D365) -> 10B Cilt Bakımı Ve Makyaj | J365: =LEFT(I365,3) -> 10B
A366: 99902182594 | B366: Ferah ELNASEN | C366: Mesleki Eğitim + Diploma | D366: Cilt Bakımı Ve Makyaj | E366: 10 | F366: A | G366: =RIGHT(A366,5) -> 82594 | H366: =B366 -> Ferah ELNASEN | I366: =CONCATENATE(E366,F366," ",D366) -> 10A Cilt Bakımı Ve Makyaj | J366: =LEFT(I366,3) -> 10A
A367: 53872388240 | B367: Zeynep Ilgın AKPOLAT | C367: Mesleki Eğitim + Diploma | D367: Cilt Bakımı Ve Makyaj | E367: 10 | F367: A | G367: =RIGHT(A367,5) -> 88240 | H367: =B367 -> Zeynep Ilgın AKPOLAT | I367: =CONCATENATE(E367,F367," ",D367) -> 10A Cilt Bakımı Ve Makyaj | J367: =LEFT(I367,3) -> 10A
A368: 18290573982 | B368: Berkay TAŞKIN | C368: Mesleki Eğitim + Diploma | D368: Dizel Motorları Yakıt Pompası Ve Enjektör Ayarcılığı | E368: 10 | F368: K | G368: =RIGHT(A368,5) -> 73982 | H368: =B368 -> Berkay TAŞKIN | I368: =CONCATENATE(E368,F368," ",D368) -> 10K Dizel Motorları Yakıt Pompası Ve Enjektör Ayarcılığı | J368: =LEFT(I368,3) -> 10K
A369: 48664561246 | B369: İbrahim ZENGİN | C369: Mesleki Eğitim + Diploma | D369: Dizel Motorları Yakıt Pompası Ve Enjektör Ayarcılığı | E369: 10 | F369: F | G369: =RIGHT(A369,5) -> 61246 | H369: =B369 -> İbrahim ZENGİN | I369: =CONCATENATE(E369,F369," ",D369) -> 10F Dizel Motorları Yakıt Pompası Ve Enjektör Ayarcılığı | J369: =LEFT(I369,3) -> 10F
A370: 35551999084 | B370: Özkan ÖZKAN | C370: Mesleki Eğitim + Diploma | D370: Dizel Motorları Yakıt Pompası Ve Enjektör Ayarcılığı | E370: 10 | F370: K | G370: =RIGHT(A370,5) -> 99084 | H370: =B370 -> Özkan ÖZKAN | I370: =CONCATENATE(E370,F370," ",D370) -> 10K Dizel Motorları Yakıt Pompası Ve Enjektör Ayarcılığı | J370: =LEFT(I370,3) -> 10K
A371: 11357805538 | B371: Polat DÜZENLİ | C371: Mesleki Eğitim + Diploma | D371: Dizel Motorları Yakıt Pompası Ve Enjektör Ayarcılığı | E371: 10 | F371: H | G371: =RIGHT(A371,5) -> 05538 | H371: =B371 -> Polat DÜZENLİ | I371: =CONCATENATE(E371,F371," ",D371) -> 10H Dizel Motorları Yakıt Pompası Ve Enjektör Ayarcılığı | J371: =LEFT(I371,3) -> 10H
A372: 48487567470 | B372: Ahmet Can KÖLEMENOĞLU | C372: Mesleki Eğitim + Diploma | D372: Elektrik Tesisatları Ve Pano Montörlüğü | E372: 10 | F372: E | G372: =RIGHT(A372,5) -> 67470 | H372: =B372 -> Ahmet Can KÖLEMENOĞLU | I372: =CONCATENATE(E372,F372," ",D372) -> 10E Elektrik Tesisatları Ve Pano Montörlüğü | J372: =LEFT(I372,3) -> 10E
A373: 55528333420 | B373: Ahmetcan EROL | C373: Mesleki Eğitim + Diploma | D373: Elektrik Tesisatları Ve Pano Montörlüğü | E373: 10 | F373: D | G373: =RIGHT(A373,5) -> 33420 | H373: =B373 -> Ahmetcan EROL | I373: =CONCATENATE(E373,F373," ",D373) -> 10D Elektrik Tesisatları Ve Pano Montörlüğü | J373: =LEFT(I373,3) -> 10D
A374: 61000150744 | B374: Ali Fırat ATLI | C374: Mesleki Eğitim + Diploma | D374: Elektrik Tesisatları Ve Pano Montörlüğü | E374: 10 | F374: E | G374: =RIGHT(A374,5) -> 50744 | H374: =B374 -> Ali Fırat ATLI | I374: =CONCATENATE(E374,F374," ",D374) -> 10E Elektrik Tesisatları Ve Pano Montörlüğü | J374: =LEFT(I374,3) -> 10E
A375: 19763675554 | B375: Aslan AĞRAŞ | C375: Mesleki Eğitim + Diploma | D375: Elektrik Tesisatları Ve Pano Montörlüğü | E375: 10 | F375: D | G375: =RIGHT(A375,5) -> 75554 | H375: =B375 -> Aslan AĞRAŞ | I375: =CONCATENATE(E375,F375," ",D375) -> 10D Elektrik Tesisatları Ve Pano Montörlüğü | J375: =LEFT(I375,3) -> 10D
A376: 19751109610 | B376: Bekir KAYAHAN | C376: Mesleki Eğitim + Diploma | D376: Elektrik Tesisatları Ve Pano Montörlüğü | E376: 10 | F376: E | G376: =RIGHT(A376,5) -> 09610 | H376: =B376 -> Bekir KAYAHAN | I376: =CONCATENATE(E376,F376," ",D376) -> 10E Elektrik Tesisatları Ve Pano Montörlüğü | J376: =LEFT(I376,3) -> 10E
... A418: 59356204846 | B418: Abdülbaki ARSLAN | C418: Mesleki Eğitim + Diploma | D418: Erkek Kuaförlüğü | E418: 10 | F418: B | G418: =RIGHT(A418,5) -> 04846 | H418: =B418 -> Abdülbaki ARSLAN | I418: =CONCATENATE(E418,F418," ",D418) -> 10B Erkek Kuaförlüğü | J418: =LEFT(I418,3) -> 10B
A419: 32573097736 | B419: Abdüssamed ÇUKADAR | C419: Mesleki Eğitim + Diploma | D419: Erkek Kuaförlüğü | E419: 10 | G419: =RIGHT(A419,5) -> 97736 | H419: =B419 -> Abdüssamed ÇUKADAR | I419: =CONCATENATE(E419,F419," ",D419) -> 10 Erkek Kuaförlüğü | J419: =LEFT(I419,3) -> 10
...

Sheet Sayfa1
A1: tc_son5 | B1: ad_soyad | C1: sube
A2: 85610 | B2: Umut KAYA | C2: 9D Asansör Sistemleri | D2: 9D | E2: =IF(COUNTIF(Sayfa2!$A$2:$A$8,"*"&D2&"*")>0, Sayfa2!$A$1, IF(COUNTIF(Sayfa2!$B$2:$B$8, "*"&D2&"*")>0, Sayfa2!$B$1, IF(COUNTIF(Sayfa2!$C$2:$C$8, "*"&D2&"*")>0, Sayfa2!$C$1, IF(COUNTIF(Sayfa2!$D$2:$D$8,"*"&D2&"*")>0, Sayfa2!$D$1, IF(COUNTIF(Sayfa2!$E$2:$E$8, "*"&D2&"*")>0, Sayfa2!$E$1, "Bulunamadı"))))) -> PERŞEMBE
A3: 87170 | B3: Ahmet Emin KAYA | C3: 9G1 Aşçılık | D3: 9G1 | E3: =IF(COUNTIF(Sayfa2!$A$2:$A$8,"*"&D3&"*")>0, Sayfa2!$A$1, IF(COUNTIF(Sayfa2!$B$2:$B$8, "*"&D3&"*")>0, Sayfa2!$B$1, IF(COUNTIF(Sayfa2!$C$2:$C$8, "*"&D3&"*")>0, Sayfa2!$C$1, IF(COUNTIF(Sayfa2!$D$2:$D$8,"*"&D3&"*")>0, Sayfa2!$D$1, IF(COUNTIF(Sayfa2!$E$2:$E$8, "*"&D3&"*")>0, Sayfa2!$E$1, "Bulunamadı"))))) -> Bulunamadı
A4: 19092 | B4: Bahruz ALIZADA | C4: 9G1 Aşçılık | D4: 9G1 | E4: =IF(COUNTIF(Sayfa2!$A$2:$A$8,"*"&D4&"*")>0, Sayfa2!$A$1, IF(COUNTIF(Sayfa2!$B$2:$B$8, "*"&D4&"*")>0, Sayfa2!$B$1, IF(COUNTIF(Sayfa2!$C$2:$C$8, "*"&D4&"*")>0, Sayfa2!$C$1, IF(COUNTIF(Sayfa2!$D$2:$D$8,"*"&D4&"*")>0, Sayfa2!$D$1, IF(COUNTIF(Sayfa2!$E$2:$E$8, "*"&D4&"*")>0, Sayfa2!$E$1, "Bulunamadı"))))) -> Bulunamadı
A5: 52934 | B5: Elifnur ŞENGÜL | C5: 9G1 Aşçılık | D5: 9G1 | E5: =IF(COUNTIF(Sayfa2!$A$2:$A$8,"*"&D5&"*")>0, Sayfa2!$A$1, IF(COUNTIF(Sayfa2!$B$2:$B$8, "*"&D5&"*")>0, Sayfa2!$B$1, IF(COUNTIF(Sayfa2!$C$2:$C$8, "*"&D5&"*")>0, Sayfa2!$C$1, IF(COUNTIF(Sayfa2!$D$2:$D$8,"*"&D5&"*")>0, Sayfa2!$D$1, IF(COUNTIF(Sayfa2!$E$2:$E$8, "*"&D5&"*")>0, Sayfa2!$E$1, "Bulunamadı"))))) -> Bulunamadı
A6: 75728 | B6: Gül Deniz BİLECEN | C6: 9G1 Aşçılık | D6: 9G1 | E6: =IF(COUNTIF(Sayfa2!$A$2:$A$8,"*"&D6&"*")>0, Sayfa2!$A$1, IF(COUNTIF(Sayfa2!$B$2:$B$8, "*"&D6&"*")>0, Sayfa2!$B$1, IF(COUNTIF(Sayfa2!$C$2:$C$8, "*"&D6&"*")>0, Sayfa2!$C$1, IF(COUNTIF(Sayfa2!$D$2:$D$8,"*"&D6&"*")>0, Sayfa2!$D$1, IF(COUNTIF(Sayfa2!$E$2:$E$8, "*"&D6&"*")>0, Sayfa2!$E$1, "Bulunamadı"))))) -> Bulunamadı
A7: 44094 | B7: Levent Eymen BAŞKÖYLÜ | C7: 9G1 Aşçılık | D7: 9G1 | E7: =IF(COUNTIF(Sayfa2!$A$2:$A$8,"*"&D7&"*")>0, Sayfa2!$A$1, IF(COUNTIF(Sayfa2!$B$2:$B$8, "*"&D7&"*")>0, Sayfa2!$B$1, IF(COUNTIF(Sayfa2!$C$2:$C$8, "*"&D7&"*")>0, Sayfa2!$C$1, IF(COUNTIF(Sayfa2!$D$2:$D$8,"*"&D7&"*")>0, Sayfa2!$D$1, IF(COUNTIF(Sayfa2!$E$2:$E$8, "*"&D7&"*")>0, Sayfa2!$E$1, "Bulunamadı"))))) -> Bulunamadı
A8: 60558 | B8: Merve RENÇBER | C8: 9G1 Aşçılık | D8: 9G1 | E8: =IF(COUNTIF(Sayfa2!$A$2:$A$8,"*"&D8&"*")>0, Sayfa2!$A$1, IF(COUNTIF(Sayfa2!$B$2:$B$8, "*"&D8&"*")>0, Sayfa2!$B$1, IF(COUNTIF(Sayfa2!$C$2:$C$8, "*"&D8&"*")>0, Sayfa2!$C$1, IF(COUNTIF(Sayfa2!$D$2:$D$8,"*"&D8&"*")>0, Sayfa2!$D$1, IF(COUNTIF(Sayfa2!$E$2:$E$8, "*"&D8&"*")>0, Sayfa2!$E$1, "Bulunamadı"))))) -> Bulunamadı
A9: 17570 | B9: Nisanur SUSUR | C9: 9G1 Aşçılık | D9: 9G1 | E9: =IF(COUNTIF(Sayfa2!$A$2:$A$8,"*"&D9&"*")>0, Sayfa2!$A$1, IF(COUNTIF(Sayfa2!$B$2:$B$8, "*"&D9&"*")>0, Sayfa2!$B$1, IF(COUNTIF(Sayfa2!$C$2:$C$8, "*"&D9&"*")>0, Sayfa2!$C$1, IF(COUNTIF(Sayfa2!$D$2:$D$8,"*"&D9&"*")>0, Sayfa2!$D$1, IF(COUNTIF(Sayfa2!$E$2:$E$8, "*"&D9&"*")>0, Sayfa2!$E$1, "Bulunamadı"))))) -> Bulunamadı
A10: 99468 | B10: Ömer ÖZBEK | C10: 9G1 Aşçılık | D10: 9G1 | E10: =IF(COUNTIF(Sayfa2!$A$2:$A$8,"*"&D10&"*")>0, Sayfa2!$A$1, IF(COUNTIF(Sayfa2!$B$2:$B$8, "*"&D10&"*")>0, Sayfa2!$B$1, IF(COUNTIF(Sayfa2!$C$2:$C$8, "*"&D10&"*")>0, Sayfa2!$C$1, IF(COUNTIF(Sayfa2!$D$2:$D$8,"*"&D10&"*")>0, Sayfa2!$D$1, IF(COUNTIF(Sayfa2!$E$2:$E$8, "*"&D10&"*")>0, Sayfa2!$E$1, "Bulunamadı"))))) -> Bulunamadı
A11: 19616 | B11: Selman Musab YEŞİL | C11: 9G1 Aşçılık | D11: 9G1 | E11: =IF(COUNTIF(Sayfa2!$A$2:$A$8,"*"&D11&"*")>0, Sayfa2!$A$1, IF(COUNTIF(Sayfa2!$B$2:$B$8, "*"&D11&"*")>0, Sayfa2!$B$1, IF(COUNTIF(Sayfa2!$C$2:$C$8, "*"&D11&"*")>0, Sayfa2!$C$1, IF(COUNTIF(Sayfa2!$D$2:$D$8,"*"&D11&"*")>0, Sayfa2!$D$1, IF(COUNTIF(Sayfa2!$E$2:$E$8, "*"&D11&"*")>0, Sayfa2!$E$1, "Bulunamadı"))))) -> Bulunamadı
A12: 49600 | B12: Enes BİLİBEY | C12: 9A2 Bilgisayar Teknik Servisi | D12: 9A2 | E12: =IF(COUNTIF(Sayfa2!$A$2:$A$8,"*"&D12&"*")>0, Sayfa2!$A$1, IF(COUNTIF(Sayfa2!$B$2:$B$8, "*"&D12&"*")>0, Sayfa2!$B$1, IF(COUNTIF(Sayfa2!$C$2:$C$8, "*"&D12&"*")>0, Sayfa2!$C$1, IF(COUNTIF(Sayfa2!$D$2:$D$8,"*"&D12&"*")>0, Sayfa2!$D$1, IF(COUNTIF(Sayfa2!$E$2:$E$8, "*"&D12&"*")>0, Sayfa2!$E$1, "Bulunamadı"))))) -> PAZARTESİ
A13: 79552 | B13: Yiğit Efe SEVİM | C13: 9A2 Bilgisayar Teknik Servisi | D13: 9A2 | E13: =IF(COUNTIF(Sayfa2!$A$2:$A$8,"*"&D13&"*")>0, Sayfa2!$A$1, IF(COUNTIF(Sayfa2!$B$2:$B$8, "*"&D13&"*")>0, Sayfa2!$B$1, IF(COUNTIF(Sayfa2!$C$2:$C$8, "*"&D13&"*")>0, Sayfa2!$C$1, IF(COUNTIF(Sayfa2!$D$2:$D$8,"*"&D13&"*")>0, Sayfa2!$D$1, IF(COUNTIF(Sayfa2!$E$2:$E$8, "*"&D13&"*")>0, Sayfa2!$E$1, "Bulunamadı"))))) -> PAZARTESİ
... A1363: 09708 | B1363: Mücahit BAYKAN | C1363: 12B1 Sac İşleri | D1363: 12B | E1363: =IF(COUNTIF(Sayfa2!$A$2:$A$8,"*"&D1363&"*")>0, Sayfa2!$A$1, IF(COUNTIF(Sayfa2!$B$2:$B$8, "*"&D1363&"*")>0, Sayfa2!$B$1, IF(COUNTIF(Sayfa2!$C$2:$C$8, "*"&D1363&"*")>0, Sayfa2!$C$1, IF(COUNTIF(Sayfa2!$D$2:$D$8,"*"&D1363&"*")>0, Sayfa2!$D$1, IF(COUNTIF(Sayfa2!$E$2:$E$8, "*"&D1363&"*")>0, Sayfa2!$E$1, "Bulunamadı"))))) -> PERŞEMBE

Sheet Sayfa2
A1: PAZARTESİ | B1: SALI | C1: ÇARŞAMBA | D1: PERŞEMBE | E1: CUMA
A2: 9A19A29A39A4 | B2: 9B9B19B29B39B4 | C2: 9C19C29C39C4 | D2: 9D19D29D39D4 | E2: 10A
A3: 10B | B3: 10C | C3: 10D | D3: 10E | E3: 10F
A4: 10G | B4: 10H | C4: 10İ | D4: 10K | E4: 10L
A5: 10M | B5: 11B | C5: 11C | D5: 11D | E5: 11E
A6: 11A | B6: 11F | C6: 11G | D6: 11H | E6: 11İ
A7: 11K | B7: 12C | C7: 12A | D7: 12B | E7: 12D
A8: 12E | B8: 12F | C8: 9F19F29F39F4 | E8: 9E19E29E39E4
